epoch,train_loss,train_ic,val_loss,val_ic,lr
1,0.6820444624841683,0.05876103950312405,1.0046778819523752,0.10127376274613198,0.001
